,Strike,Call_bid,Call_ask,Call_last,Call_vol,Call_oi,Call_iv,Put_bid,Put_ask,Put_last,Put_vol,Put_oi,Put_iv
0,"18,000",,,,,,,,,,,17,
1,"19,000",,,,,,,,,,,162,
2,"20,000",,,,,4,,,,,,157,
3,"21,000",,,,,,,,,1,44,630,69.7
4,"21,400",,,,,,,,,1,3,34,65.0
5,"21,600",,,,,,,,,1,2,43,62.8
6,"21,800",,,,,,,,,1,39,49,60.5
7,"22,000",,,,,,,,6,,,"1,888",59.5
8,"22,200",,,,,,,,,1,1,161,63.0
9,"22,400",,,,,,,,3,2,72,276,57.9
10,"22,600",,,,,,,,,2,22,665,54.6
11,"22,800",,,,,,,,3,2,226,518,52.4
12,"23,000",,,,,,,1,3,2,16,752,50.6
13,"23,200",,,,,,,1,5,3,118,265,54.5
14,"23,400",,,,,,,1,5,3,58,451,49.1
15,"23,600",,,,,,,,,4,236,530,46.7
16,"23,800",,,,,,,1,,4,156,306,45.1
17,"24,000",,,,,,,1,,4,162,322,43.2
18,"24,200",,,,,,,,,5,169,295,40.7
19,"24,400",,,,,,,1,,5,541,619,43.6
20,"24,600",,,,,1,,1,,6,283,542,41.3
21,"24,800",,,,,,,2,,7,493,944,35.4
22,"25,000",,,,,4,,1,,8,521,985,37.8
23,"25,200",,,,,,,2,,9,84,771,37.7
24,"25,400",,,,,,,1,,11,115,521,30.5
25,"25,600",,,,,,,1,16,15,184,686,32.0
26,"25,800",,,,,2,,3,22,19,388,"1,880",30.4
27,"26,000",,,,,10,,,"1,000",26,710,"2,271",28.5
28,"26,200",,,,,14,,9,102,36,396,"1,985",26.9
29,"26,400",,,926,1,3,22.8,19,65,50,578,"1,115",25.6
30,"26,600",,,,,17,19.2,29,,72,856,"1,398",24.4
31,"26,800",,,611,26,38,21.1,97,122,104,"1,193","1,943",22.5
32,"27,000",,,434,56,309,18.0,145,155,150,"1,488","1,364",21.0
33,"27,200",200,,287,261,266,16.9,10,280,218,"1,942","1,920",20.4
34,"27,400",80,200,178,"1,447","1,162",16.3,82,324,310,"1,307","1,138",19.7
35,"27,600",90,106,100,"1,636",810,16.9,96,520,430,687,919,21.1
36,"27,800",50,80,52,"2,361","1,528",17.5,100,,563,111,"1,120",23.2
37,"28,000",23,35,26,"1,669","1,949",17.6,257,800,744,66,"1,338",15.2
38,"28,200",2,24,13,835,"1,895",18.7,,,765,7,392,19.4
39,"28,400",,250,8,484,"1,410",20.2,,,"1,042",6,394,17.7
40,"28,600",,8,4,508,"1,631",19.5,655,,,,351,
41,"28,800",2,3,3,264,"1,567",20.7,,,"1,518",7,343,20.3
42,"29,000",1,109,2,121,"1,730",22.4,400,,,,346,
43,"29,200",1,2,2,50,"1,965",21.6,,,"1,830",1,113,24.7
44,"29,400",1,2,2,42,"1,264",26.4,,,,,49,
45,"29,600",1,2,1,7,"1,023",26.1,,,"2,165",7,24,
46,"29,800",,2,1,7,506,27.8,,,,,11,
47,"30,000",,2,1,14,619,29.5,,,,,13,
48,"30,200",,1,1,14,622,29.6,,,,,8,
49,"30,400",,2,1,50,843,32.2,,,,,1,
50,"30,600",,2,1,6,487,32.1,,,,,10,
51,"30,800",,2,,,354,,,,,,,
52,"31,000",,2,,,"2,279",,,,,,3,
53,"31,200",,2,,,908,,,,,,4,
54,"31,400",,2,,,320,,,,,,4,
55,"31,600",,1,1,1,411,39.8,,,,,,
56,"31,800",,1,1,1,108,41.4,,,,,,
57,"32,000",,1,1,1,365,42.9,,,,,,
58,"32,200",,2,,,293,,,,,,3,
59,"32,400",,2,,,432,,,,,,,
60,"32,600",,2,,,89,,,,,,,
61,"32,800",,,,,47,,,,,,,
62,"33,000",,2,,,95,,,,,,,
63,"33,200",,,,,79,,,,,,1,
64,"33,400",,,,,75,,,,,,,
65,"33,600",,,,,58,,,,,,,
66,"33,800",,,,,25,,,,,,,
67,"34,000",,,,,57,,,,,,,
68,"34,200",,,,,27,,,,,,,
69,"34,400",,,,,35,,,,,,,
70,"34,600",,,,,47,,,,,,,
71,"34,800",,,,,14,,,,,,,
72,"35,000",,,,,36,,,,,,,
73,"35,200",,,,,10,,,,,,,
74,"35,400",,,,,6,,,,,,,
75,"36,000",,1,,,47,,,,,,,
76,"37,000",,,,,6,,,,,,,
